{
  "results": [
    {
      "command": "kseq",
      "mean": 6.31164748728,
      "stddev": 0.036481221884087915,
      "median": 6.30185855428,
      "user": 6.228950346666666,
      "system": 0.07411807999999999,
      "min": 6.26311958728,
      "max": 6.37277309128,
      "times": [
        6.35302471428,
        6.3589261732799995,
        6.349155201279999,
        6.30139438228,
        6.30680094128,
        6.28182974228,
        6.30185855428,
        6.278918991279999,
        6.26546689228,
        6.32033125228,
        6.34954595028,
        6.37277309128,
        6.28893777428,
        6.28262906128,
        6.26311958728
      ],
      "memory_usage_byte": [
        3403776,
        3403776,
        3403776,
        3403776,
        3403776,
        3403776,
        3403776,
        3403776,
        3403776,
        3403776,
        3403776,
        3403776,
        3403776,
        3403776,
        3403776
      ],
      "exit_codes": [
        0,
        0,
        0,
        0,
        0,
        0,
        0,
        0,
        0,
        0,
        0,
        0,
        0,
        0,
        0
      ]
    },
    {
      "command": "seq_io",
      "mean": 4.703762204213333,
      "stddev": 0.02539107576896381,
      "median": 4.7021689122799994,
      "user": 4.635186079999999,
      "system": 0.062435279999999996,
      "min": 4.66063340128,
      "max": 4.74598462428,
      "times": [
        4.7018783512799995,
        4.6790946902799995,
        4.73068869628,
        4.7021689122799994,
        4.6759511282799995,
        4.74245877128,
        4.70697979828,
        4.69135280328,
        4.66063340128,
        4.70965521728,
        4.72197382528,
        4.74598462428,
        4.72039301228,
        4.67486269528,
        4.69235713628
      ],
      "memory_usage_byte": [
        3403776,
        3403776,
        3403776,
        3403776,
        3403776,
        3403776,
        3403776,
        3403776,
        3403776,
        3403776,
        3403776,
        3403776,
        3403776,
        3403776,
        3403776
      ],
      "exit_codes": [
        0,
        0,
        0,
        0,
        0,
        0,
        0,
        0,
        0,
        0,
        0,
        0,
        0,
        0,
        0
      ]
    },
    {
      "command": "needletail",
      "mean": 4.769505887413334,
      "stddev": 0.046632218076708,
      "median": 4.76081763328,
      "user": 4.702819813333333,
      "system": 0.05990494666666667,
      "min": 4.7119179202799994,
      "max": 4.86341685828,
      "times": [
        4.82978488628,
        4.78090514428,
        4.79140107228,
        4.72473067828,
        4.73350412528,
        4.75754036928,
        4.73557283528,
        4.86341685828,
        4.72814372228,
        4.7119179202799994,
        4.71478105528,
        4.76081763328,
        4.83040961028,
        4.79858204728,
        4.78108035328
      ],
      "memory_usage_byte": [
        3403776,
        3403776,
        3403776,
        3403776,
        3403776,
        3403776,
        3403776,
        3403776,
        3403776,
        3403776,
        3403776,
        3403776,
        3403776,
        3403776,
        3403776
      ],
      "exit_codes": [
        0,
        0,
        0,
        0,
        0,
        0,
        0,
        0,
        0,
        0,
        0,
        0,
        0,
        0,
        0
      ]
    },
    {
      "command": "BlazeSeq",
      "mean": 6.492828499813333,
      "stddev": 0.048714281376618124,
      "median": 6.50136537928,
      "user": 6.363842679999999,
      "system": 0.11698834666666667,
      "min": 6.40899237128,
      "max": 6.576602966279999,
      "times": [
        6.50136537928,
        6.41969443328,
        6.482005583279999,
        6.40899237128,
        6.52943546928,
        6.53717798628,
        6.53512090828,
        6.44290337628,
        6.44544211928,
        6.52812794628,
        6.46180413828,
        6.52628288028,
        6.51299671728,
        6.4844752222799995,
        6.576602966279999
      ],
      "memory_usage_byte": [
        166989824,
        166989824,
        166989824,
        166989824,
        166989824,
        166989824,
        166989824,
        166989824,
        166989824,
        166989824,
        166989824,
        166989824,
        166989824,
        166989824,
        166989824
      ],
      "exit_codes": [
        0,
        0,
        0,
        0,
        0,
        0,
        0,
        0,
        0,
        0,
        0,
        0,
        0,
        0,
        0
      ]
    }
  ]
}
