{
  "results": [
    {
      "command": "BlazeSeqBatch",
      "mean": 0.8433443936066667,
      "stddev": 0.009692728754649781,
      "median": 0.84119765434,
      "user": 0.5195572133333334,
      "system": 0.3191736133333333,
      "min": 0.83171440934,
      "max": 0.8690075833400001,
      "times": [
        0.83516165934,
        0.83891456134,
        0.84311222934,
        0.84630931434,
        0.83572856234,
        0.84024665834,
        0.84365468834,
        0.85720501034,
        0.84119765434,
        0.83585415634,
        0.83171440934,
        0.84186630034,
        0.85206641934,
        0.8690075833400001,
        0.83812669734
      ],
      "memory_usage_byte": [
        23261184,
        23261184,
        23261184,
        23330816,
        23330816,
        23330816,
        23330816,
        23330816,
        23330816,
        23359488,
        23359488,
        23359488,
        23359488,
        23359488,
        23359488
      ],
      "exit_codes": [
        0,
        0,
        0,
        0,
        0,
        0,
        0,
        0,
        0,
        0,
        0,
        0,
        0,
        0,
        0
      ]
    },
    {
      "command": "paraseq",
      "mean": 0.7956991281400002,
      "stddev": 0.007563872030890604,
      "median": 0.79466896334,
      "user": 0.49315628,
      "system": 0.3010631466666666,
      "min": 0.78622913534,
      "max": 0.81906111234,
      "times": [
        0.79979953334,
        0.79190973534,
        0.79840190934,
        0.78944532534,
        0.79520810234,
        0.79628082234,
        0.79466896334,
        0.79333378234,
        0.78622913534,
        0.79173116734,
        0.81906111234,
        0.79070129934,
        0.79509753434,
        0.80111819634,
        0.79250030334
      ],
      "memory_usage_byte": [
        23359488,
        23359488,
        23359488,
        23359488,
        23359488,
        23359488,
        23359488,
        23359488,
        23359488,
        23359488,
        23359488,
        23359488,
        23359488,
        23359488,
        23359488
      ],
      "exit_codes": [
        0,
        0,
        0,
        0,
        0,
        0,
        0,
        0,
        0,
        0,
        0,
        0,
        0,
        0,
        0
      ]
    },
    {
      "command": "seq_io_recordset",
      "mean": 0.8549815160066666,
      "stddev": 0.0077758015077312075,
      "median": 0.85391874434,
      "user": 0.5440501466666666,
      "system": 0.31023001333333333,
      "min": 0.84367922234,
      "max": 0.87779128934,
      "times": [
        0.85332454334,
        0.84580892734,
        0.85606943134,
        0.86232732634,
        0.85376123534,
        0.85391874434,
        0.85569157434,
        0.84900798834,
        0.84367922234,
        0.85246723934,
        0.85252680434,
        0.85697368434,
        0.85529299534,
        0.85608173434,
        0.87779128934
      ],
      "memory_usage_byte": [
        23359488,
        23359488,
        23359488,
        23359488,
        23359488,
        23359488,
        23359488,
        23359488,
        23359488,
        23359488,
        23359488,
        23359488,
        23359488,
        23359488,
        23359488
      ],
      "exit_codes": [
        0,
        0,
        0,
        0,
        0,
        0,
        0,
        0,
        0,
        0,
        0,
        0,
        0,
        0,
        0
      ]
    }
  ]
}
